RecordedDate,Q2.12,Q2.15,Q2.14,Q2.4,Q2.6,Q2.2,Q2.1,Q35.1,Q35.2,Q35.4,Q37.4,Q37.3,Q38.3,Q38.6,Q38.10,Q2.13
Recorded Date,What is your current employment status?,What best describes your political affiliation?,"What is the highest degree or level of school you have completed? If currently enrolled, highest degree received.",Which of the following options best describes your race? (Please choose one response that best applies.) - Selected Choice,In which country do you currently reside?,Please select the gender category that you most closely identify with.  	Cisgender (cis)  folks are those whose gender identity or expression matches the sex they were assigned at birth 	Transgender (trans) folks are those whose gender identity or expression does not match the sex they were assigned at birth - Selected Choice,What year were you born?,Has COVID-19 negatively impacted your living situation?,"To your knowledge, are you, or have you been infected with COVID-19?",Do you know people in your immediate social environment who are or have been infected with COVID-19 (suspected or confirmed)?,"""Grey was out walking her dog on March 17 when she was body-slammed by a stranger. The aggressor also kicked Grey’s dog, which howled in pain. In the moments before the attack, Grey was bent over, picking up her dog’s waste, and her hood fell over her head. She couldn’t see the stranger approaching and was already in a vulnerable position.     Grey was the only one on the block wearing a mask at the time, and her eyes were visible above it—“That’s probably what immediately identified me as Asian to them,” she says. Later, she shared the incident on Instagram, using her platform to spark conversation and bring awareness to the issue. “In my last post about the racism I’ve experienced during this virus hysteria, I expressed gratitude that at least I wasn’t assaulted. I guess I can’t claim that anymore,” wrote Grey, who urged her nearly 400,000 followers to “take the time to be extra empathetic and kind to strangers to hopefully make up for their treatment from the rest of the world.”     “As horrifying, triggering and deplorable as what happened to me was, it was the one and only time I actually felt like there could be bodily harm inflicted on me,” she says. “Some people live in fear of that all the time.”    What happened to Eugenie Grey when she was out walking her dog?","“I didn’t think that if he shoved me into the tracks I’d have the physical energy to crawl back up,” says Tsui, a registered nurse pursuing a doctorate of nursing practice in psychiatric mental health at Columbia University. Tsui was transferring trains on his way home after picking up N95 masks when he was approached by a man on the platform.     The man asked, “You’re Chinese, right?” Tsui responded that he was Chinese American, and the man told Tsui he should go back to his country, citing the 2003 SARS outbreak as another example of “all these sicknesses” spread by “chinks.” The man kept coming closer and closer to Tsui, who was forced to step toward the edge of the platform.     “Leave him alone. Can’t you see he’s a nurse? That he’s wearing scrubs?” said a bystander, who Tsui says appeared to be Latino. After the bystander threatened to re­cord the incident and call the police, the aggressor said that he should “go back to [his] country too.”     When the train finally arrived, the aggressor sat right across from Tsui and glared at him the entire ride, mouthing, “I’m watching you.” Throughout the ride, Tsui debated whether he should get off the train to escape but feared the man would follow him without anyone else to bear witness to what might happen.    Tsui says the current anti­racism movements are important, but the U.S. has a long way to go to achieve true equality. “One thing’s for sure, it’s definitely not an overnight thing—I am skeptical that people can be suddenly woke after reading a few books off the recommended book lists,” he says.“Let’s be honest, before George Floyd, Breonna Taylor and Ahmaud Arbery, there were many more. Black people have been calling out in pain and calling for help for a very long time.”    What was Justin Tsui's profession?",Do you think COVID-19 has increased discrimination against Asian Americans?,Do you sympathize with the situation that Asian Americans are facing during the pandemic?,"To what extent do you agree with the statement: ""Asian Americans are being targeted due to COVID-19.""?","To the best of your memory, how much did you earn in the last year that you worked?"
"{""ImportId"":""recordedDate"",""timeZone"":""America/Denver""}","{""ImportId"":""QID215""}","{""ImportId"":""QID220""}","{""ImportId"":""QID341""}","{""ImportId"":""QID16""}","{""ImportId"":""QID242""}","{""ImportId"":""QID367""}","{""ImportId"":""QID214_TEXT""}","{""ImportId"":""QID221""}","{""ImportId"":""QID222""}","{""ImportId"":""QID224""}","{""ImportId"":""QID239""}","{""ImportId"":""QID238""}","{""ImportId"":""QID229""}","{""ImportId"":""QID232""}","{""ImportId"":""QID236""}","{""ImportId"":""QID216""}"
2021-03-29 11:05:11,,,,Native American,,,,,,,,,,,,
2021-03-30 12:30:13,,,,,,,,Strongly agree,No,Yes,Someone body-slammed her and kicked her dog,Nurse,Neither agree nor disagree,Probably yes,Neither agree nor disagree,
2021-03-30 13:21:28,Employed full time,Other,"Advanced degree (Master's, Doctorate)",Asian,United States of America,Cisgender Man,1986,Strongly agree,No,Yes,,,Neither agree nor disagree,Probably yes,Somewhat agree,"$60,000 - $69,999"
2021-03-30 15:01:45,Student,Other,Some college,Non-Hispanic White,United States of America,Cisgender Man,1985,Neither agree nor disagree,No,Yes,Someone body-slammed her and kicked her dog,Teacher,Strongly agree,Definitely yes,Somewhat agree,
2021-03-30 16:31:53,Employed full time,Democrat,Bachelor's degree,Non-Hispanic White,United States of America,Cisgender Man,1991,Somewhat agree,No,Yes,,,Strongly agree,Definitely yes,Strongly agree,"$70,000 - $79,999"
2021-03-30 19:22:10,Employed full time,Other,"Advanced degree (Master's, Doctorate)",Asian,United States of America,Cisgender Man,India,Strongly disagree,No,Yes,Someone body-slammed her and kicked her dog,Nurse,Somewhat agree,Definitely yes,Somewhat agree,"More than $150,000"
2021-03-30 20:13:56,Student,Democrat,Bachelor's degree,Non-Hispanic White,United States of America,Cisgender Man,1997,Somewhat disagree,No,No,,,Strongly disagree,Definitely yes,Strongly agree,"Less than $10,000"
2021-03-31 00:42:34,Student,Democrat,"Advanced degree (Master's, Doctorate)",Asian,United States of America,Cisgender Man,Taiwan,Somewhat agree,No,Yes,,,Neither agree nor disagree,Probably yes,Somewhat agree,
2021-03-31 21:34:16,Employed full time,Republican,Bachelor's degree,Non-Hispanic White,United States of America,Cisgender Man,1995,Strongly agree,No,Yes,Someone body-slammed her and kicked her dog,Nurse,Strongly agree,Definitely yes,Strongly agree,"$50,000 - $59,999"
2021-03-31 21:38:10,Student,Other,"Advanced degree (Master's, Doctorate)",Non-Hispanic White,United States of America,Cisgender Woman,1993,Neither agree nor disagree,No,No,Someone body-slammed her and kicked her dog,Nurse,Strongly agree,Definitely yes,Strongly agree,"$20,000 - $29,999"
2021-03-31 21:41:22,Employed part time,Independent,Some college,Non-Hispanic White,United States of America,Cisgender Man,1978,Neither agree nor disagree,No,No,Someone body-slammed her and kicked her dog,Nurse,Somewhat agree,Probably yes,Somewhat agree,"$20,000 - $29,999"
2021-03-31 21:41:29,Student,Independent,Some college,Non-Hispanic White,United States of America,Cisgender Woman,2000,Neither agree nor disagree,No,No,,,Strongly agree,Definitely yes,Strongly agree,"$10,000 - $19,999"
2021-03-31 21:41:44,Employed part time,Democrat,"Advanced degree (Master's, Doctorate)",Non-Hispanic White,United States of America,Cisgender Man,1984,Somewhat agree,No,Yes,Someone body-slammed her and kicked her dog,Nurse,Strongly agree,Definitely yes,Strongly agree,"Less than $10,000"
2021-03-31 21:47:25,Employed full time,Independent,Bachelor's degree,Non-Hispanic White,United States of America,Cisgender Man,1990,Strongly agree,No,No,Someone body-slammed her and kicked her dog,Nurse,Strongly agree,Probably yes,Strongly agree,"$30,000 - $39,999"
2021-03-31 21:58:09,Employed part time,Democrat,Some college,Hispanic or Latino,United States of America,Cisgender Woman,1997,Somewhat agree,No,Yes,,,Strongly agree,Definitely yes,Strongly agree,"$10,000 - $19,999"
2021-03-31 21:59:24,Employed full time,Other,Bachelor's degree,Other:,United States of America,Cisgender Woman,1992,Somewhat disagree,Yes,Yes,Someone body-slammed her and kicked her dog,Nurse,Strongly agree,Probably yes,Somewhat agree,"$40,000 - $49,999"
2021-03-31 22:07:59,Unemployed looking for work,Independent,Some college,Non-Hispanic White,United States of America,Cisgender Man,1974,Somewhat disagree,No,Yes,,,Somewhat agree,Definitely yes,Somewhat agree,
2021-03-31 22:09:41,Employed part time,Independent,Bachelor's degree,Hispanic or Latino,United States of America,Cisgender Woman,1993,Somewhat agree,Yes,Yes,,,Strongly agree,Definitely yes,Strongly agree,"$20,000 - $29,999"
2021-03-31 22:21:47,Employed full time,Democrat,"Advanced degree (Master's, Doctorate)",Asian,United States of America,Cisgender Man,1990,Strongly disagree,No,No,,,Somewhat agree,Definitely yes,Somewhat disagree,"$70,000 - $79,999"
2021-03-31 22:24:21,Unemployed looking for work,Independent,Bachelor's degree,Asian,United States of America,Cisgender Woman,1982,Strongly agree,No,Yes,,,Strongly agree,Definitely yes,Strongly agree,"$60,000 - $69,999"
2021-03-31 22:27:52,Employed part time,Other,Some college,Non-Hispanic White,United States of America,Cisgender Woman,1984,Somewhat agree,No,Yes,Someone body-slammed her and kicked her dog,Nurse,Strongly agree,Definitely yes,Somewhat agree,"$10,000 - $19,999"
2021-03-31 22:33:03,Employed full time,Democrat,"Advanced degree (Master's, Doctorate)",Non-Hispanic White,United States of America,Cisgender Man,1996,Somewhat agree,No,No,Someone body-slammed her and kicked her dog,Nurse,Somewhat agree,Probably yes,Somewhat agree,"$90,000 - $99,999"
2021-03-31 22:35:56,Employed full time,Republican,Bachelor's degree,Non-Hispanic White,United Kingdom of Great Britain and Northern Ireland,Cisgender Man,1989,Somewhat agree,Yes,Yes,Someone body-slammed her and kicked her dog,Nurse,Somewhat agree,Definitely yes,Somewhat agree,"$60,000 - $69,999"
2021-03-31 22:49:00,Student,Democrat,Some college,Asian,United States of America,Cisgender Man,2000,Somewhat agree,No,Yes,Someone body-slammed her and kicked her dog,Nurse,Strongly agree,Definitely yes,Strongly agree,"Less than $10,000"
2021-03-31 22:59:14,Employed part time,Republican,Bachelor's degree,Native American,United States of America,Cisgender Man,1993,Strongly agree,No,Yes,,,Somewhat agree,Might or might not,Somewhat agree,"$10,000 - $19,999"
2021-03-31 23:04:33,Student,Democrat,Bachelor's degree,Non-Hispanic White,United States of America,Cisgender Man,1998,Strongly agree,No,No,,,Strongly agree,Probably not,Somewhat agree,"$30,000 - $39,999"
2021-03-31 23:12:18,Student,Independent,Some college,Black or African American,United States of America,Cisgender Woman,1996,Strongly agree,Yes,Yes,,,Strongly agree,Definitely yes,Strongly agree,"Less than $10,000"
2021-03-31 23:17:21,Employed part time,Democrat,Some college,Non-Hispanic White,United States of America,Cisgender Woman,1975,Somewhat agree,No,No,,,Strongly agree,Definitely yes,Strongly agree,"$20,000 - $29,999"
2021-03-31 23:17:24,Employed full time,Democrat,"Advanced degree (Master's, Doctorate)",Non-Hispanic White,United States of America,Cisgender Woman,1996,Neither agree nor disagree,No,No,Someone body-slammed her and kicked her dog,Nurse,Somewhat agree,Might or might not,Somewhat agree,
2021-03-31 23:24:37,Employed full time,Democrat,"Advanced degree (Master's, Doctorate)",Non-Hispanic White,United States of America,Cisgender Woman,1978,Somewhat agree,No,Yes,,,Somewhat agree,Probably yes,Somewhat agree,"Less than $10,000"
2021-03-31 23:50:42,Employed full time,Democrat,Bachelor's degree,Non-Hispanic White,United States of America,Cisgender Woman,54,Strongly agree,Yes,Yes,,,Somewhat agree,Probably yes,Somewhat agree,"$50,000 - $59,999"
2021-03-31 23:54:04,Employed full time,Democrat,Bachelor's degree,Non-Hispanic White,United States of America,Cisgender Man,1990,Somewhat agree,No,No,Someone body-slammed her and kicked her dog,Nurse,Strongly agree,Probably yes,Neither agree nor disagree,"$50,000 - $59,999"
2021-04-01 00:19:10,Employed full time,Socialist,No college,Non-Hispanic White,United States of America,Transgender Man,1989,Somewhat agree,No,No,Someone body-slammed her and kicked her dog,Nurse,Strongly agree,Definitely yes,Strongly agree,"$20,000 - $29,999"
2021-04-01 00:21:56,Employed full time,Democrat,"Advanced degree (Master's, Doctorate)",Non-Hispanic White,United States of America,Cisgender Woman,1995,Somewhat agree,No,No,,,Neither agree nor disagree,Might or might not,Somewhat agree,
2021-04-01 00:33:35,Employed full time,Prefer not to say,Bachelor's degree,Black or African American,United States of America,Cisgender Woman,1997,Somewhat agree,Yes,No,,,Somewhat agree,Might or might not,Somewhat agree,"$10,000 - $19,999"
2021-04-01 00:55:08,Employed full time,Republican,"Advanced degree (Master's, Doctorate)",Non-Hispanic White,United Kingdom of Great Britain and Northern Ireland,Cisgender Man,1989,Somewhat agree,Yes,Yes,,,Somewhat agree,Definitely yes,Somewhat agree,"$50,000 - $59,999"
2021-04-01 01:29:40,Employed part time,Republican,Some college,Hispanic or Latino,United States of America,Cisgender Man,1996,Somewhat agree,No,Yes,Someone body-slammed her and kicked her dog,Nurse,Somewhat agree,Definitely yes,Neither agree nor disagree,"$20,000 - $29,999"
2021-04-01 03:25:50,Employed full time,Democrat,"Advanced degree (Master's, Doctorate)",Non-Hispanic White,United States of America,Cisgender Woman,1997,Strongly agree,No,No,,,Strongly agree,Probably yes,Strongly agree,"$80,000 - $89,999"
2021-04-01 03:36:06,Employed full time,Democrat,"Advanced degree (Master's, Doctorate)",Non-Hispanic White,United States of America,Cisgender Woman,25,Somewhat agree,No,Yes,Someone body-slammed her and kicked her dog,Nurse,Somewhat agree,Probably yes,Somewhat agree,"$100,000 - $149,999"
2021-04-01 04:33:55,Student,Prefer not to say,Some college,Non-Hispanic White,Italy,Cisgender Woman,1998,Somewhat agree,No,Yes,Someone body-slammed her and kicked her dog,Nurse,Strongly agree,Might or might not,Somewhat agree,"Less than $10,000"
2021-04-01 04:45:15,Employed full time,Independent,Some college,Non-Hispanic White,United Kingdom of Great Britain and Northern Ireland,Cisgender Man,1989,Somewhat agree,No,No,Someone body-slammed her and kicked her dog,Nurse,Somewhat agree,Probably yes,Somewhat agree,"$30,000 - $39,999"
2021-04-01 04:49:54,Student,Prefer not to say,Some college,Non-Hispanic White,Italy,Cisgender Man,1999,Somewhat agree,No,Yes,,,Strongly agree,Definitely yes,Somewhat agree,
2021-04-01 05:30:17,Employed part time,Democrat,Some college,Non-Hispanic White,United States of America,Prefer not to disclose,2003,Strongly agree,No,Yes,,,Neither agree nor disagree,Probably yes,Neither agree nor disagree,
2021-04-01 05:56:26,Student,Other,Some college,Asian,United Kingdom of Great Britain and Northern Ireland,Cisgender Man,2002,Neither agree nor disagree,No,Yes,Someone body-slammed her and kicked her dog,Nurse,Strongly agree,Definitely yes,Strongly agree,
2021-04-01 05:57:51,Student,Independent,"Advanced degree (Master's, Doctorate)",Black or African American,United Kingdom of Great Britain and Northern Ireland,Cisgender Man,1989,Neither agree nor disagree,Yes,Yes,,,Somewhat agree,Might or might not,Neither agree nor disagree,
2021-04-01 06:40:59,Employed part time,Democrat,Some college,Non-Hispanic White,United States of America,Cisgender Man,1999,Somewhat agree,No,Yes,Someone body-slammed her and kicked her dog,Nurse,Somewhat disagree,Probably yes,Neither agree nor disagree,"$10,000 - $19,999"
2021-04-01 07:37:28,Employed part time,Independent,Bachelor's degree,Hispanic or Latino,France,Cisgender Man,1988,Strongly agree,No,Yes,,,Strongly agree,Definitely yes,Strongly agree,"Less than $10,000"
2021-04-01 07:42:19,Employed full time,Democrat,"Advanced degree (Master's, Doctorate)",Black or African American,United States of America,Cisgender Man,1998,Strongly agree,No,Yes,,,Neither agree nor disagree,Definitely yes,Somewhat agree,"$40,000 - $49,999"
2021-04-01 08:04:19,Employed part time,Democrat,"Advanced degree (Master's, Doctorate)",Black or African American,United States of America,Cisgender Man,1994,Strongly agree,No,No,Someone body-slammed her and kicked her dog,Nurse,Strongly agree,Probably not,Strongly agree,"$30,000 - $39,999"
2021-04-01 08:11:03,Employed full time,Democrat,"Advanced degree (Master's, Doctorate)",Non-Hispanic White,United States of America,Cisgender Woman,1995,Somewhat agree,No,No,Someone body-slammed her and kicked her dog,Nurse,Somewhat agree,Probably yes,Somewhat agree,"$90,000 - $99,999"
2021-04-01 08:11:54,Employed part time,Republican,No college,Non-Hispanic White,United States of America,Prefer not to disclose,1993,Strongly agree,Yes,Yes,,,Neither agree nor disagree,Might or might not,Strongly disagree,"$30,000 - $39,999"
2021-04-01 08:19:16,Student,Democrat,Some college,Non-Hispanic White,United States of America,Non-binary,2001,Somewhat agree,No,No,Someone body-slammed her and kicked her dog,Nurse,Strongly agree,Definitely yes,Strongly agree,"Less than $10,000"
2021-04-01 08:33:08,Employed full time,Republican,Bachelor's degree,Non-Hispanic White,United States of America,Cisgender Man,US,Neither agree nor disagree,No,No,,,Somewhat agree,Probably yes,Neither agree nor disagree,"$20,000 - $29,999"
2021-04-01 09:00:49,Employed part time,Republican,Bachelor's degree,Native American,United States of America,Cisgender Man,1991,Somewhat agree,No,Yes,,,Somewhat agree,Might or might not,Somewhat agree,"$30,000 - $39,999"
2021-04-01 11:37:58,Employed full time,Democrat,Bachelor's degree,Native American,United States of America,Cisgender Man,1985,Somewhat agree,No,No,Someone followed her for three blocks,Nurse,Somewhat agree,Probably yes,Neither agree nor disagree,"$70,000 - $79,999"
2021-04-01 15:46:44,Employed full time,Prefer not to say,Bachelor's degree,Asian,,Prefer not to disclose,,Neither agree nor disagree,No,No,Someone followed her for three blocks,Chef,Neither agree nor disagree,Might or might not,Neither agree nor disagree,
2021-04-01 15:57:34,Employed full time,Democrat,Bachelor's degree,Native American,United States of America,Cisgender Man,1990,Somewhat agree,No,No,Someone body-slammed her and kicked her dog,Nurse,Strongly agree,Definitely yes,Somewhat disagree,"$70,000 - $79,999"
2021-04-06 11:18:09,Student,Prefer not to say,Some college,Prefer not to answer,,Prefer not to disclose,,Neither agree nor disagree,No,No,,,Neither agree nor disagree,Might or might not,Neither agree nor disagree,
2021-04-06 17:11:42,Student,Democrat,No college,Non-Hispanic White,Afghanistan,Cisgender Man,1999,Strongly agree,No,No,Someone called her a racial slur,Chef,Strongly agree,Might or might not,Strongly agree,
2021-04-06 17:23:01,,,,,,,,,,,,,,,,
2021-04-06 17:32:38,,,,,,,,,,,,,,,,
2021-04-06 17:33:19,,,,,,,,,,,,,,,,
2021-04-06 17:34:27,,,,,,,,,,,,,,,,
2021-04-06 19:01:51,Student,Democrat,No college,Other:,United States of America,Cisgender Woman,2000,Strongly disagree,No,No,,,Somewhat agree,Definitely yes,Somewhat agree,
2021-04-06 19:08:38,Employed full time,Democrat,Bachelor's degree,Asian,United States of America,Cisgender Man,1994,,,,,,,,,"$80,000 - $89,999"
2021-04-06 19:25:05,Student,Democrat,Some college,Non-Hispanic White,United States of America,Cisgender Woman,2000,Somewhat agree,No,Yes,,,Strongly agree,Probably yes,Somewhat agree,
2021-04-06 21:21:29,Student,Democrat,Some college,Non-Hispanic White,United States of America,Cisgender Woman,2001,Somewhat agree,No,No,Someone body-slammed her and kicked her dog,Nurse,Strongly agree,Definitely yes,Strongly agree,
2021-04-06 21:44:46,Employed part time,Democrat,Some college,Non-Hispanic White,United States of America,Cisgender Woman,2000,Strongly agree,No,No,,,Strongly agree,Definitely yes,Strongly agree,"Less than $10,000"
2021-04-06 22:28:43,Student,Prefer not to say,No college,Asian,United States of America,Cisgender Woman,1999,Strongly agree,No,No,Someone body-slammed her and kicked her dog,Nurse,Strongly agree,Definitely yes,Somewhat agree,"$20,000 - $29,999"
2021-04-06 22:41:43,Unemployed looking for work,Democrat,Some college,Hispanic or Latino,United States of America,Cisgender Woman,1999,Strongly agree,No,Yes,,,Strongly agree,Definitely yes,Strongly agree,"Less than $10,000"
2021-04-06 22:49:14,Student,Democrat,No college,Asian,United States of America,Cisgender Woman,1999,Neither agree nor disagree,No,No,Someone body-slammed her and kicked her dog,Nurse,Strongly agree,Definitely yes,Somewhat agree,"Less than $10,000"
2021-04-06 23:25:08,Unemployed looking for work,Other,Bachelor's degree,Asian,United States of America,Cisgender Woman,2000,Strongly agree,Yes,No,Someone body-slammed her and kicked her dog,Nurse,Strongly agree,Definitely yes,Strongly agree,"Less than $10,000"
2021-04-06 23:26:02,Student,Democrat,Bachelor's degree,Asian,United States of America,Cisgender Man,1998,Somewhat agree,No,No,Someone body-slammed her and kicked her dog,Nurse,Strongly agree,Definitely yes,Strongly agree,"Less than $10,000"
2021-04-06 23:32:46,Student,Other,Some college,Hispanic or Latino,Mexico,Non-binary,2002,Somewhat agree,No,Yes,,,Somewhat agree,Definitely yes,Somewhat agree,
2021-04-07 00:26:54,Student,Independent,No college,Asian,United States of America,Non-binary,1998,Strongly disagree,No,Yes,,,Strongly agree,Definitely yes,Strongly agree,
2021-04-07 02:00:44,Unemployed looking for work,Independent,Some college,Asian,United States of America,Cisgender Woman,2000,Strongly agree,No,Yes,Someone body-slammed her and kicked her dog,Nurse,Somewhat disagree,Probably not,Neither agree nor disagree,"$10,000 - $19,999"
2021-04-07 03:38:50,Student,Independent,No college,Asian,United States of America,Cisgender Man,2002,Somewhat agree,No,No,,,Strongly agree,Definitely yes,Neither agree nor disagree,
2021-04-07 07:46:10,Student,Prefer not to say,Some college,Asian,Hong Kong (S.A.R.),Cisgender Man,1997,Strongly agree,No,No,Someone body-slammed her and kicked her dog,Nurse,Strongly agree,Definitely yes,Strongly agree,
2021-04-07 09:14:01,Student,Prefer not to say,Some college,Prefer not to answer,,Prefer not to disclose,test,Neither agree nor disagree,Yes,No,,,Neither agree nor disagree,Might or might not,Neither agree nor disagree,
2021-04-07 09:43:57,,,,,,,,,,,,,,,,
2021-04-07 10:03:25,,,,,,,,,,,,,,,,
2021-04-07 10:39:52,Student,Prefer not to say,No college,Prefer not to answer,,Prefer not to disclose,test,Neither agree nor disagree,No,No,,,Somewhat disagree,Might or might not,Neither agree nor disagree,
2021-04-07 11:17:21,,,,,,,,,,,,,,,,
2021-04-07 12:13:16,Student,Independent,Some college,Asian,United States of America,Cisgender Man,2002,Somewhat agree,No,Yes,,,Somewhat agree,Definitely yes,Somewhat agree,
2021-04-07 12:25:39,Student,Prefer not to say,Some college,Prefer not to answer,,Prefer not to disclose,test,Neither agree nor disagree,No,No,,,Neither agree nor disagree,Might or might not,Neither agree nor disagree,"$10,000 - $19,999"
2021-04-07 13:17:10,Employed part time,Democrat,Some college,Asian,United States of America,Cisgender Man,1999,Neither agree nor disagree,No,No,,,Somewhat agree,Definitely yes,Somewhat disagree,
2021-04-07 15:41:03,Employed full time,Socialist,Some college,Non-Hispanic White,United States of America,Transgender Man,2001,Strongly agree,No,No,,,Somewhat agree,Definitely yes,Somewhat agree,"Less than $10,000"
2021-04-07 16:03:46,Student,Democrat,No college,Asian,United States of America,Non-binary,2000,Strongly agree,No,Yes,Someone body-slammed her and kicked her dog,Nurse,Strongly agree,Definitely yes,Strongly agree,"Less than $10,000"
2021-04-07 16:14:08,Student,Democrat,Some college,Non-Hispanic White,United States of America,Cisgender Woman,2001,Somewhat agree,No,No,,,Strongly agree,Definitely yes,Strongly agree,
2021-04-07 18:20:03,Student,Democrat,Some college,Non-Hispanic White,United States of America,Cisgender Woman,1999,Somewhat disagree,No,Yes,Someone body-slammed her and kicked her dog,Nurse,Strongly agree,Definitely yes,Strongly agree,"Less than $10,000"
2021-04-07 19:02:52,Student,Democrat,Some college,Asian,United States of America,Cisgender Woman,2000,Strongly agree,No,Yes,,,Strongly agree,Definitely yes,Strongly agree,"Less than $10,000"
2021-04-07 19:05:15,Student,Democrat,Some college,Other:,United States of America,Cisgender Woman,1999,Somewhat agree,No,Yes,,,Strongly agree,Definitely yes,Strongly agree,
2021-04-07 19:06:42,Employed part time,Prefer not to say,Some college,Prefer not to answer,United States of America,Cisgender Woman,2000,Neither agree nor disagree,No,Yes,Someone body-slammed her and kicked her dog,Nurse,Strongly agree,Definitely yes,Strongly agree,"Less than $10,000"
2021-04-07 19:13:06,Student,Prefer not to say,Some college,Asian,United States of America,Cisgender Woman,2001,Somewhat agree,No,No,Someone body-slammed her and kicked her dog,Nurse,Strongly agree,Definitely yes,Strongly agree,
2021-04-07 19:14:13,Unemployed looking for work,Democrat,Bachelor's degree,Asian,United States of America,Cisgender Woman,1998,Neither agree nor disagree,No,No,,,Somewhat agree,Definitely yes,Strongly agree,
2021-04-07 19:15:45,Student,Independent,Bachelor's degree,Asian,United States of America,Other,1997,Strongly disagree,No,Yes,Someone body-slammed her and kicked her dog,Nurse,Strongly agree,Definitely yes,Strongly agree,
2021-04-07 19:19:28,Student,Socialist,Some college,Non-Hispanic White,United States of America,Cisgender Woman,2002,Somewhat agree,No,No,,,Strongly agree,Probably yes,Strongly agree,
2021-04-07 19:20:39,Student,Prefer not to say,Some college,Asian,India,Cisgender Man,2001,Neither agree nor disagree,No,No,Someone called her a racial slur,Cashier,Strongly agree,Probably yes,Strongly agree,
2021-04-07 19:23:33,Student,Republican,Some college,Asian,United States of America,Cisgender Woman,1998,Strongly agree,Yes,Yes,Someone body-slammed her and kicked her dog,Nurse,Somewhat agree,Probably yes,Strongly agree,"Less than $10,000"
2021-04-07 19:23:50,Student,Independent,Some college,Non-Hispanic White,United States of America,Cisgender Woman,2000,Somewhat agree,No,Yes,,,Somewhat agree,Probably yes,Strongly agree,"Less than $10,000"
2021-04-07 19:27:04,Student,Democrat,Bachelor's degree,Hispanic or Latino,United States of America,Cisgender Woman,1999,Somewhat agree,No,Yes,,,Strongly agree,Definitely yes,Strongly agree,"Less than $10,000"
2021-04-07 19:27:48,Student,Democrat,Bachelor's degree,Asian,United States of America,Cisgender Man,1998,Somewhat disagree,Yes,Yes,Someone body-slammed her and kicked her dog,Nurse,Strongly agree,Definitely yes,Somewhat agree,"$30,000 - $39,999"
2021-04-07 19:29:56,Student,Democrat,Some college,Non-Hispanic White,United States of America,Cisgender Woman,2000,Neither agree nor disagree,No,Yes,Someone body-slammed her and kicked her dog,Nurse,Strongly agree,Definitely yes,Strongly agree,"$20,000 - $29,999"
2021-04-07 19:30:50,Student,Democrat,Some college,Other:,United States of America,Non-binary,2000,Strongly agree,Yes,Yes,,,Strongly agree,Definitely yes,Strongly agree,"Less than $10,000"
2021-04-07 19:32:14,Employed full time,Democrat,Bachelor's degree,Asian,United States of America,Cisgender Woman,2000,Strongly agree,No,No,Someone body-slammed her and kicked her dog,Nurse,Strongly agree,Definitely yes,Strongly agree,"$50,000 - $59,999"
2021-04-07 19:33:16,Student,Republican,No college,Asian,United States of America,Cisgender Man,2001,Somewhat agree,No,No,Someone body-slammed her and kicked her dog,Nurse,Somewhat disagree,Probably yes,Somewhat disagree,"$20,000 - $29,999"
2021-04-07 19:33:21,Student,Democrat,Some college,Asian,United States of America,Cisgender Woman,2000,Somewhat agree,No,Yes,Someone body-slammed her and kicked her dog,Nurse,Strongly agree,Definitely yes,Somewhat agree,"Less than $10,000"
2021-04-07 19:33:29,Student,Democrat,Some college,Asian,United States of America,Cisgender Woman,1999,Somewhat agree,No,No,,,Strongly agree,Definitely yes,Strongly agree,"Less than $10,000"
2021-04-07 19:34:53,Student,Democrat,"Advanced degree (Master's, Doctorate)",Asian,United States of America,Cisgender Woman,1990,Neither agree nor disagree,No,No,,,Strongly agree,Definitely yes,Somewhat agree,"$30,000 - $39,999"
2021-04-07 19:35:11,Student,Prefer not to say,No college,Asian,United States of America,Cisgender Woman,2000,Somewhat agree,No,No,,,Somewhat agree,Probably yes,Somewhat agree,"Less than $10,000"
2021-04-07 19:35:14,Employed full time,Republican,Bachelor's degree,Asian,United States of America,Cisgender Man,1997,Somewhat agree,No,Yes,,,Strongly agree,Probably yes,Somewhat agree,"Less than $10,000"
2021-04-07 19:37:37,Student,Independent,Some college,Asian,United States of America,Cisgender Woman,1994,Strongly agree,No,Yes,,,Strongly agree,Definitely yes,Somewhat agree,
2021-04-07 19:37:39,Student,Independent,Bachelor's degree,Asian,United States of America,Cisgender Man,1997,Strongly agree,Yes,No,Someone body-slammed her and kicked her dog,Nurse,Strongly agree,Definitely yes,Somewhat agree,
2021-04-07 19:37:56,Student,Socialist,Bachelor's degree,Asian,Canada,Cisgender Woman,1994,Somewhat agree,No,Yes,,,Strongly agree,Definitely yes,Strongly agree,"$30,000 - $39,999"
2021-04-07 19:38:18,Student,Democrat,Some college,Asian,United States of America,Other,2001,Neither agree nor disagree,No,No,Someone body-slammed her and kicked her dog,Nurse,Strongly agree,Definitely yes,Strongly agree,
2021-04-07 19:39:00,Student,Democrat,Some college,Hispanic or Latino,United States of America,Cisgender Man,2002,Strongly agree,Yes,Yes,Someone body-slammed her and kicked her dog,Nurse,Strongly agree,Definitely yes,Strongly agree,
2021-04-07 19:41:17,Student,Independent,Some college,Non-Hispanic White,United States of America,Cisgender Woman,2000,Somewhat agree,Yes,Yes,,,Neither agree nor disagree,Definitely yes,Neither agree nor disagree,"Less than $10,000"
2021-04-07 19:41:56,Student,Independent,Some college,Asian,United States of America,Cisgender Man,2001,Somewhat agree,No,No,Someone body-slammed her and kicked her dog,Nurse,Strongly agree,Definitely yes,Strongly agree,
2021-04-07 19:42:03,Student,Democrat,Bachelor's degree,Asian,United States of America,Cisgender Woman,2001,Somewhat agree,No,No,,,Strongly agree,Definitely yes,Strongly agree,"Less than $10,000"
2021-04-07 19:42:29,Student,Prefer not to say,Some college,Non-Hispanic White,United States of America,Cisgender Woman,2002,Strongly disagree,No,No,Someone body-slammed her and kicked her dog,Nurse,Somewhat agree,Definitely yes,Strongly agree,
2021-04-07 19:43:48,Student,Democrat,Some college,Non-Hispanic White,United States of America,Cisgender Woman,2001,Somewhat agree,No,Yes,,,Strongly agree,Definitely yes,Strongly agree,
2021-04-07 19:44:17,Student,Democrat,Some college,Asian,United States of America,Cisgender Man,2001,Strongly agree,No,No,,,Neither agree nor disagree,Probably yes,Somewhat agree,"Less than $10,000"
2021-04-07 19:45:40,Employed part time,Democrat,Some college,Non-Hispanic White,United States of America,Cisgender Woman,2000,Strongly agree,No,No,,,Strongly agree,Definitely yes,Strongly agree,"Less than $10,000"
2021-04-07 19:47:00,Student,Democrat,No college,Asian,United States of America,Cisgender Woman,2000,Neither agree nor disagree,No,No,Someone body-slammed her and kicked her dog,Nurse,Somewhat agree,Definitely yes,Somewhat agree,
2021-04-07 19:47:13,Student,Prefer not to say,Bachelor's degree,Asian,United States of America,Cisgender Woman,1999,Neither agree nor disagree,No,No,Someone body-slammed her and kicked her dog,Nurse,Strongly agree,Definitely yes,Strongly agree,
2021-04-07 19:47:31,Unemployed looking for work,Independent,Bachelor's degree,Asian,United States of America,Cisgender Woman,1998,Strongly agree,No,No,Someone body-slammed her and kicked her dog,Nurse,Strongly agree,Definitely yes,Somewhat agree,
2021-04-07 19:47:32,Student,Prefer not to say,Some college,Asian,United States of America,Cisgender Woman,2000,Strongly agree,No,No,Someone body-slammed her and kicked her dog,Nurse,Strongly agree,Definitely yes,Somewhat agree,"$10,000 - $19,999"
2021-04-07 19:49:55,Employed part time,Democrat,Bachelor's degree,Hispanic or Latino,United States of America,Cisgender Man,1995,Somewhat disagree,No,Yes,Someone body-slammed her and kicked her dog,Nurse,Strongly agree,Definitely yes,Strongly agree,"$20,000 - $29,999"
2021-04-07 19:50:38,Student,Independent,Some college,Asian,United States of America,Cisgender Man,2001,Somewhat agree,Yes,No,,,Somewhat agree,Definitely yes,Somewhat agree,"Less than $10,000"
2021-04-07 19:52:11,Student,Democrat,Some college,Asian,United States of America,Cisgender Woman,2000,Strongly agree,No,No,Someone body-slammed her and kicked her dog,Nurse,Somewhat agree,Probably yes,Neither agree nor disagree,
2021-04-07 19:52:38,Unemployed looking for work,Democrat,Some college,Asian,United States of America,Cisgender Man,1997,Somewhat disagree,No,Yes,,,Strongly agree,Definitely yes,Somewhat agree,"$20,000 - $29,999"
2021-04-07 19:53:01,Student,Republican,Some college,Asian,United States of America,Cisgender Woman,2001,Somewhat agree,No,No,,,Somewhat disagree,Probably yes,Strongly disagree,
2021-04-07 19:53:33,Student,Independent,Some college,Asian,United States of America,Cisgender Man,2000,Somewhat agree,No,No,,,Neither agree nor disagree,Probably yes,Somewhat agree,"$10,000 - $19,999"
2021-04-07 19:54:01,Student,Independent,Some college,Asian,United States of America,Cisgender Woman,2000,Somewhat disagree,No,No,Someone body-slammed her and kicked her dog,Nurse,Strongly agree,Definitely yes,Strongly agree,"Less than $10,000"
2021-04-07 19:54:44,Student,Independent,Some college,Asian,United States of America,Cisgender Man,1999,Somewhat agree,No,No,,,Strongly agree,Definitely yes,Somewhat agree,"$10,000 - $19,999"
2021-04-07 19:56:16,Student,Prefer not to say,Some college,Asian,United States of America,Cisgender Woman,2001,Strongly agree,No,Yes,Someone body-slammed her and kicked her dog,Nurse,Strongly agree,Definitely yes,Strongly agree,"Less than $10,000"
2021-04-07 19:56:22,Employed part time,Prefer not to say,Bachelor's degree,Asian,United States of America,Cisgender Woman,1999,Strongly agree,No,Yes,,,Strongly agree,Definitely yes,Strongly agree,"Less than $10,000"
2021-04-07 19:56:38,Employed part time,Democrat,Some college,Asian,United States of America,Cisgender Woman,2002,Strongly agree,No,Yes,Someone body-slammed her and kicked her dog,Nurse,Strongly agree,Definitely yes,Strongly agree,"Less than $10,000"
2021-04-07 19:57:35,Student,Independent,Bachelor's degree,Asian,,Cisgender Man,2000,Somewhat agree,No,Yes,Someone body-slammed her and kicked her dog,Nurse,Strongly agree,Definitely yes,Strongly agree,
2021-04-07 19:58:30,Student,Democrat,"Advanced degree (Master's, Doctorate)",Asian,United States of America,Cisgender Man,1995,Neither agree nor disagree,No,No,Someone body-slammed her and kicked her dog,Nurse,Strongly agree,Probably yes,Strongly agree,
2021-04-07 19:59:36,Student,Democrat,Bachelor's degree,Asian,United States of America,Cisgender Man,1998,Strongly disagree,No,Yes,Someone body-slammed her and kicked her dog,Nurse,Somewhat agree,Definitely yes,Somewhat agree,
2021-04-07 20:01:27,Student,Democrat,Bachelor's degree,Asian,United States of America,Cisgender Man,1998,Somewhat agree,No,No,,,Strongly agree,Definitely yes,Strongly agree,
2021-04-07 20:01:29,Student,Democrat,Some college,Hispanic or Latino,United States of America,Non-binary,1998,Strongly agree,No,Yes,,,Strongly agree,Definitely yes,Strongly agree,
2021-04-07 20:03:32,Employed part time,Independent,Some college,Asian,United States of America,Cisgender Man,2000,Strongly agree,No,Yes,,,Somewhat agree,Definitely yes,Strongly agree,"Less than $10,000"
2021-04-07 20:03:43,Student,Democrat,Some college,Asian,United States of America,Cisgender Woman,2000,Somewhat agree,No,Yes,Someone body-slammed her and kicked her dog,Nurse,Somewhat agree,Probably yes,Somewhat agree,"$10,000 - $19,999"
2021-04-07 20:06:53,Student,Republican,No college,Hispanic or Latino,United States of America,Cisgender Man,1999,Somewhat disagree,No,Yes,,,Somewhat agree,Probably yes,Somewhat agree,"Less than $10,000"
2021-04-07 20:06:56,Student,Democrat,No college,Asian,United States of America,Cisgender Woman,2000,Strongly agree,No,Yes,Someone body-slammed her and kicked her dog,Nurse,Strongly agree,Definitely yes,Strongly agree,"Less than $10,000"
2021-04-07 20:10:46,Employed full time,Democrat,Bachelor's degree,Asian,United States of America,Cisgender Woman,1996,Somewhat agree,No,No,Someone body-slammed her and kicked her dog,Nurse,Strongly agree,Definitely yes,Strongly agree,"$40,000 - $49,999"
2021-04-07 20:12:29,Student,Other,Bachelor's degree,Asian,India,Other,1996,Somewhat agree,No,No,,,Strongly agree,Definitely yes,Strongly agree,"$20,000 - $29,999"
2021-04-07 20:12:37,Employed part time,Democrat,Some college,Hispanic or Latino,United States of America,Cisgender Woman,1998,Strongly agree,Yes,Yes,Someone body-slammed her and kicked her dog,Nurse,Strongly agree,Definitely yes,Strongly agree,"$20,000 - $29,999"
2021-04-07 20:14:02,Student,Democrat,Some college,Asian,United States of America,Cisgender Woman,2001,Somewhat agree,No,Yes,Someone body-slammed her and kicked her dog,Nurse,Strongly agree,Definitely yes,Strongly agree,
2021-04-07 20:16:46,Employed part time,Socialist,Some college,Non-Hispanic White,United States of America,Cisgender Man,2000,Strongly agree,Yes,No,Someone body-slammed her and kicked her dog,Nurse,Strongly agree,Definitely yes,Strongly agree,"Less than $10,000"
2021-04-07 20:17:02,Employed part time,Independent,"Advanced degree (Master's, Doctorate)",Other:,United States of America,Cisgender Man,1995,Somewhat disagree,No,No,,,Somewhat agree,Probably yes,Somewhat disagree,"$30,000 - $39,999"
2021-04-07 20:17:26,Student,Democrat,Bachelor's degree,Non-Hispanic White,United States of America,Cisgender Woman,1998,Somewhat agree,No,No,,,Strongly agree,Definitely yes,Strongly agree,"Less than $10,000"
2021-04-07 20:20:21,Employed full time,Democrat,Bachelor's degree,Asian,United States of America,Cisgender Woman,1994,Neither agree nor disagree,No,No,Someone body-slammed her and kicked her dog,Nurse,Strongly agree,Definitely yes,Strongly agree,"$100,000 - $149,999"
2021-04-07 20:23:08,Student,Democrat,Some college,Asian,United States of America,Cisgender Woman,1999,Somewhat disagree,No,No,Someone body-slammed her and kicked her dog,Nurse,Strongly agree,Definitely yes,Strongly agree,"Less than $10,000"
2021-04-07 20:26:29,Student,Socialist,Some college,Non-Hispanic White,United States of America,Cisgender Man,1999,Somewhat agree,No,Yes,,,Somewhat agree,Definitely yes,Somewhat agree,"Less than $10,000"
2021-04-07 20:27:00,Student,Socialist,"Advanced degree (Master's, Doctorate)",Non-Hispanic White,Portugal,Cisgender Woman,1993,Strongly disagree,No,Yes,,,Somewhat agree,Definitely yes,Neither agree nor disagree,"Less than $10,000"
2021-04-07 20:30:53,Student,Prefer not to say,No college,Asian,United States of America,Cisgender Woman,1999,Neither agree nor disagree,No,No,Someone body-slammed her and kicked her dog,Nurse,Strongly agree,Definitely yes,Strongly agree,
2021-04-07 20:31:39,Student,Other,Some college,Non-Hispanic White,United States of America,Non-binary,2002,Somewhat disagree,No,Yes,Someone body-slammed her and kicked her dog,Nurse,Somewhat agree,Probably yes,Somewhat agree,"Less than $10,000"
2021-04-07 20:32:14,Student,Democrat,Bachelor's degree,Asian,United States of America,Cisgender Woman,1999,Somewhat agree,No,Yes,,,Strongly agree,Probably yes,Strongly agree,"Less than $10,000"
2021-04-07 20:33:11,Student,Democrat,Some college,Hispanic or Latino,United States of America,Cisgender Woman,1994,Strongly agree,No,No,Someone body-slammed her and kicked her dog,Nurse,Strongly agree,Definitely yes,Strongly agree,"Less than $10,000"
2021-04-07 20:34:32,Student,Democrat,Some college,Asian,United States of America,Cisgender Man,2000,Strongly agree,No,Yes,Someone body-slammed her and kicked her dog,Nurse,Strongly agree,Definitely yes,Strongly agree,"Less than $10,000"
2021-04-07 20:35:09,Student,Democrat,No college,Non-Hispanic White,United States of America,Cisgender Man,2002,Somewhat disagree,No,No,Someone body-slammed her and kicked her dog,Nurse,Strongly agree,Definitely yes,Strongly agree,"Less than $10,000"
2021-04-07 20:36:24,Student,Independent,No college,Non-Hispanic White,United States of America,Cisgender Woman,2002,Somewhat agree,No,Yes,Someone body-slammed her and kicked her dog,Nurse,Strongly agree,Definitely yes,Strongly agree,
2021-04-07 20:36:57,Employed full time,,,Non-Hispanic White,United States of America,Cisgender Woman,1989,,,,,,,,,"$10,000 - $19,999"
2021-04-07 20:36:57,Unemployed looking for work,Democrat,Some college,Non-Hispanic White,United States of America,Cisgender Woman,2000,Somewhat agree,No,No,,,Strongly agree,Definitely yes,Strongly agree,"Less than $10,000"
2021-04-07 20:37:17,Employed full time,Republican,Some college,Non-Hispanic White,United States of America,Cisgender Man,1987,,,,,,,,,"$40,000 - $49,999"
2021-04-07 20:37:18,,,,Non-Hispanic White,United States of America,Cisgender Woman,1983,,,,,,,,,
2021-04-07 20:37:56,Employed full time,Other,Bachelor's degree,Asian,United States of America,Cisgender Woman,1999,Somewhat agree,No,Yes,,,Strongly agree,Definitely yes,Somewhat agree,"Less than $10,000"
2021-04-07 20:37:57,Student,Prefer not to say,Bachelor's degree,Asian,Canada,Cisgender Woman,2002,Strongly agree,No,No,Someone body-slammed her and kicked her dog,Nurse,Strongly agree,Definitely yes,Strongly agree,"Less than $10,000"
2021-04-07 20:39:04,Student,Democrat,Some college,Non-Hispanic White,United States of America,Cisgender Woman,1999,,,,,,,,,
2021-04-07 20:40:49,Student,Prefer not to say,Bachelor's degree,Asian,United States of America,Cisgender Woman,1999,Neither agree nor disagree,No,No,,,Strongly agree,Might or might not,Somewhat agree,"$20,000 - $29,999"
2021-04-07 20:40:54,,,,,,,,,,,,,,,,
2021-04-07 20:42:06,Student,Democrat,Some college,Black or African American,United States of America,Cisgender Woman,1999,Somewhat agree,No,Yes,,,Strongly agree,Definitely yes,Strongly agree,"Less than $10,000"
2021-04-07 20:43:30,Student,Other,No college,Non-Hispanic White,United States of America,Cisgender Woman,1993,Neither agree nor disagree,Yes,Yes,Someone body-slammed her and kicked her dog,Nurse,Strongly agree,Definitely yes,Strongly agree,"Less than $10,000"
2021-04-07 20:44:40,Student,Democrat,No college,Asian,United States of America,Cisgender Woman,2000,Neither agree nor disagree,No,Yes,,,Strongly agree,Definitely yes,Strongly agree,
2021-04-07 20:44:43,Unemployed looking for work,Socialist,Some college,Non-Hispanic White,United States of America,Cisgender Woman,1999,Somewhat disagree,No,No,Someone body-slammed her and kicked her dog,Nurse,Strongly agree,Definitely yes,Strongly agree,"Less than $10,000"
2021-04-07 20:45:30,Employed full time,Prefer not to say,"Advanced degree (Master's, Doctorate)",Asian,United States of America,Cisgender Woman,1997,Somewhat agree,No,No,Someone body-slammed her and kicked her dog,Nurse,Somewhat agree,Probably yes,Somewhat agree,"$20,000 - $29,999"
2021-04-07 20:47:47,Student,Prefer not to say,Bachelor's degree,Asian,Singapore,Cisgender Woman,2000,Somewhat agree,No,No,Someone body-slammed her and kicked her dog,Nurse,Strongly agree,Definitely yes,Strongly agree,"Less than $10,000"
2021-04-07 20:50:19,Employed part time,Democrat,Some college,Asian,United States of America,Cisgender Woman,1999,Strongly agree,No,Yes,Someone body-slammed her and kicked her dog,Nurse,Strongly agree,Definitely yes,Strongly agree,"Less than $10,000"
2021-04-07 20:53:22,Student,Democrat,No college,Asian,United States of America,Cisgender Woman,2000,Somewhat disagree,No,Yes,,,Strongly agree,Definitely yes,Strongly agree,"Less than $10,000"
2021-04-07 20:55:33,Student,Socialist,Some college,Asian,United States of America,Cisgender Woman,2002,Strongly disagree,No,No,,,Strongly agree,Definitely yes,Strongly agree,"Less than $10,000"
2021-04-07 20:56:06,Student,Prefer not to say,Bachelor's degree,Asian,,Cisgender Woman,1999,Somewhat agree,No,No,,,Strongly agree,Definitely yes,Strongly agree,
2021-04-07 20:56:23,Student,Democrat,Some college,Asian,United States of America,Cisgender Woman,2000,Somewhat agree,No,Yes,,,Strongly agree,Definitely yes,Somewhat agree,"Less than $10,000"
2021-04-07 20:57:39,Student,Other,No college,Hispanic or Latino,United States of America,Cisgender Woman,19996,Neither agree nor disagree,Yes,Yes,,,Strongly agree,Definitely yes,Strongly agree,
2021-04-07 20:58:06,Employed part time,Other,Some college,Hispanic or Latino,United States of America,Cisgender Man,2001,Somewhat agree,No,Yes,,,Strongly agree,Probably yes,Somewhat agree,"Less than $10,000"
2021-04-07 20:58:58,Employed part time,Independent,Bachelor's degree,Asian,United States of America,Cisgender Woman,2000,Strongly agree,No,No,Someone spit on her,Chef,Strongly agree,Definitely yes,Neither agree nor disagree,
2021-04-07 20:59:28,Unemployed looking for work,Independent,Some college,Non-Hispanic White,United States of America,Cisgender Woman,1999,Strongly agree,No,No,Someone body-slammed her and kicked her dog,Nurse,Somewhat agree,Probably yes,Somewhat agree,"Less than $10,000"
2021-04-07 20:59:41,,,,Non-Hispanic White,United States of America,Cisgender Woman,1953,,,,,,,,,
2021-04-07 21:02:30,Employed full time,Independent,Bachelor's degree,Asian,United States of America,Cisgender Woman,1998,Somewhat agree,No,No,Someone body-slammed her and kicked her dog,Nurse,Strongly agree,Definitely yes,Strongly agree,"Less than $10,000"
2021-04-07 21:03:07,Employed part time,Democrat,Some college,Hispanic or Latino,United States of America,Cisgender Woman,Los Angeles,Strongly agree,No,Yes,,,Strongly agree,Might or might not,Strongly agree,"Less than $10,000"
2021-04-07 21:03:28,Employed part time,Independent,Some college,Asian,United States of America,Cisgender Woman,1999,Strongly disagree,No,No,Someone body-slammed her and kicked her dog,Nurse,Strongly agree,Definitely yes,Strongly agree,"$10,000 - $19,999"
2021-04-07 21:10:22,Employed full time,Prefer not to say,Some college,Non-Hispanic White,United States of America,Cisgender Woman,1978,Strongly agree,No,Yes,,,Neither agree nor disagree,Probably yes,Neither agree nor disagree,"$20,000 - $29,999"
2021-04-07 21:10:43,Student,Socialist,Some college,Other:,United States of America,Cisgender Woman,2000,Somewhat agree,No,Yes,Someone body-slammed her and kicked her dog,Nurse,Strongly agree,Definitely yes,Somewhat agree,
2021-04-07 21:10:43,Student,Democrat,Bachelor's degree,Non-Hispanic White,United States of America,Cisgender Woman,1998,Strongly disagree,No,Yes,,,Strongly agree,Definitely yes,Somewhat agree,"$10,000 - $19,999"
2021-04-07 21:13:37,Student,Independent,Some college,Asian,United States of America,Cisgender Man,2002,Somewhat agree,No,No,Someone body-slammed her and kicked her dog,Nurse,Strongly agree,Definitely yes,Strongly agree,
2021-04-07 21:13:56,Student,Independent,No college,Asian,United States of America,Cisgender Woman,2002,Somewhat agree,Yes,Yes,,,Somewhat agree,Definitely yes,Strongly agree,"Less than $10,000"
2021-04-07 21:14:59,Student,Socialist,Some college,Non-Hispanic White,United States of America,Cisgender Man,1999,Strongly agree,No,Yes,,,Strongly agree,Definitely yes,Strongly agree,"$10,000 - $19,999"
2021-04-07 21:15:04,Unemployed looking for work,Democrat,Bachelor's degree,Asian,United States of America,Cisgender Woman,1997,Strongly agree,Yes,Yes,Someone body-slammed her and kicked her dog,Nurse,Strongly agree,Definitely yes,Strongly agree,"Less than $10,000"
2021-04-07 21:15:18,Student,Democrat,Some college,Asian,United States of America,Cisgender Woman,2001,Somewhat agree,Yes,No,Someone body-slammed her and kicked her dog,Nurse,Strongly agree,Definitely yes,Strongly agree,"Less than $10,000"
2021-04-07 21:16:34,Student,Democrat,Some college,Hispanic or Latino,United States of America,Cisgender Woman,2001,Neither agree nor disagree,No,Yes,Someone body-slammed her and kicked her dog,Nurse,Strongly agree,Definitely yes,Strongly agree,
2021-04-07 21:16:34,Student,Prefer not to say,Some college,Prefer not to answer,United States of America,Prefer not to disclose,1998,Neither agree nor disagree,Yes,Yes,Someone body-slammed her and kicked her dog,Nurse,Strongly agree,Definitely yes,Strongly agree,
2021-04-07 21:20:48,Employed full time,Democrat,Bachelor's degree,Hispanic or Latino,United States of America,Cisgender Woman,1998,Strongly disagree,No,No,,,Strongly agree,Definitely yes,Strongly agree,"$50,000 - $59,999"
2021-04-07 21:21:03,Employed part time,Democrat,Some college,Asian,United States of America,Cisgender Woman,1999,Somewhat agree,No,Yes,,,Strongly agree,Definitely yes,Strongly agree,"$20,000 - $29,999"
2021-04-07 21:25:58,Student,Democrat,Some college,Asian,United States of America,Cisgender Woman,2000,Somewhat agree,No,No,,,Strongly agree,Definitely yes,Somewhat agree,"$50,000 - $59,999"
2021-04-07 21:26:45,Employed part time,Democrat,Some college,Asian,United States of America,Cisgender Woman,2000,Strongly agree,No,No,,,Strongly agree,Definitely yes,Strongly agree,"Less than $10,000"
2021-04-07 21:27:28,Unemployed looking for work,Democrat,Some college,Asian,United States of America,Cisgender Man,2001,Strongly agree,No,Yes,,,Strongly agree,Definitely yes,Somewhat agree,
2021-04-07 21:28:05,Employed part time,Socialist,Some college,Asian,United States of America,Non-binary,1999,Somewhat agree,Yes,No,Someone body-slammed her and kicked her dog,Nurse,Strongly agree,Definitely yes,Strongly agree,
2021-04-07 21:28:26,Student,Democrat,Some college,Hispanic or Latino,United States of America,Cisgender Woman,1999,Somewhat agree,No,Yes,Someone body-slammed her and kicked her dog,Nurse,Strongly agree,Definitely yes,Strongly agree,
2021-04-07 21:29:09,Student,Democrat,Some college,Asian,United States of America,Cisgender Man,2001,Somewhat agree,No,Yes,,,Strongly agree,Definitely yes,Somewhat agree,"Less than $10,000"
2021-04-07 21:31:15,Student,Republican,Some college,Native Hawaiian or Pacific Islander,United States of America,Cisgender Man,1999,Neither agree nor disagree,No,Yes,,,Strongly agree,Definitely yes,Somewhat agree,"Less than $10,000"
2021-04-07 21:35:12,Student,Democrat,Some college,Non-Hispanic White,United States of America,Cisgender Man,2001,Somewhat agree,No,No,Someone body-slammed her and kicked her dog,Nurse,Strongly agree,Definitely yes,Somewhat agree,"Less than $10,000"
2021-04-07 21:36:45,Student,Democrat,Some college,Asian,United States of America,Cisgender Man,2001,Strongly agree,No,No,,,Strongly agree,Definitely yes,Strongly agree,"Less than $10,000"
2021-04-07 21:38:41,Unemployed not looking for work,Independent,Some college,Non-Hispanic White,United States of America,Cisgender Man,1970,Strongly agree,No,No,,,Strongly agree,Definitely yes,Somewhat agree,
2021-04-07 21:42:07,Employed full time,Democrat,Bachelor's degree,Non-Hispanic White,United States of America,Cisgender Woman,1964,,,,,,,,,
2021-04-07 21:42:40,Student,Democrat,No college,Asian,United States of America,Cisgender Man,2001,Neither agree nor disagree,Yes,No,,,Strongly agree,Definitely yes,Somewhat agree,
2021-04-07 21:43:14,Employed part time,Democrat,No college,Non-Hispanic White,United States of America,Cisgender Man,2002,Somewhat disagree,No,No,,,Strongly agree,Definitely yes,Strongly agree,"Less than $10,000"
2021-04-07 21:49:55,Student,Democrat,Some college,Asian,United States of America,Cisgender Woman,2002,Strongly disagree,No,Yes,Someone body-slammed her and kicked her dog,Nurse,Strongly agree,Definitely yes,Somewhat agree,
2021-04-07 21:53:52,Employed part time,Democrat,No college,Asian,United States of America,Cisgender Woman,1999,Somewhat agree,Yes,Yes,,,Strongly agree,Definitely yes,Strongly agree,"$10,000 - $19,999"
2021-04-07 21:56:42,Student,Other,Some college,Non-Hispanic White,United States of America,Cisgender Man,2001,Somewhat agree,No,No,,,Strongly agree,Definitely yes,Strongly agree,
2021-04-07 22:00:11,Employed part time,Other,No college,Black or African American,United States of America,Cisgender Man,2000,Strongly disagree,No,No,Someone followed her for three blocks,Teacher,Strongly disagree,Might or might not,Neither agree nor disagree,"$10,000 - $19,999"
2021-04-07 22:00:52,Student,Democrat,Bachelor's degree,Asian,United States of America,Cisgender Woman,1998,Somewhat agree,No,No,Someone body-slammed her and kicked her dog,Nurse,Strongly agree,Definitely yes,Strongly agree,"Less than $10,000"
2021-04-07 22:02:07,Student,Democrat,Bachelor's degree,Asian,United States of America,Non-binary,"Mumbai, India",Neither agree nor disagree,No,No,,,Strongly agree,Definitely yes,Strongly agree,"Less than $10,000"
2021-04-07 22:02:20,Employed part time,Democrat,Some college,Hispanic or Latino,United States of America,Cisgender Woman,1999,Somewhat agree,No,Yes,Someone body-slammed her and kicked her dog,Nurse,Strongly agree,Definitely yes,Strongly agree,"$10,000 - $19,999"
2021-04-07 22:02:24,Student,Socialist,Some college,Non-Hispanic White,United States of America,Cisgender Man,1999,Strongly agree,No,No,,,Strongly agree,Definitely yes,Somewhat agree,"Less than $10,000"
2021-04-07 22:03:53,Employed full time,Democrat,Some college,Hispanic or Latino,United States of America,Cisgender Man,new york,,,,,,,,,"$30,000 - $39,999"
2021-04-07 22:04:11,Employed part time,Democrat,Some college,Asian,United States of America,Cisgender Woman,1998,Strongly agree,No,No,Someone body-slammed her and kicked her dog,Nurse,Strongly agree,Definitely not,Strongly agree,"Less than $10,000"
2021-04-07 22:04:35,Student,Independent,No college,Asian,United States of America,Cisgender Woman,1998,Somewhat disagree,No,No,,,Strongly agree,Definitely yes,Strongly disagree,
2021-04-07 22:05:37,Employed full time,Republican,"Advanced degree (Master's, Doctorate)",Non-Hispanic White,United States of America,Cisgender Woman,1986,,,,,,,,,"$80,000 - $89,999"
2021-04-07 22:08:45,Student,Democrat,Some college,Other:,United States of America,Cisgender Woman,2000,Neither agree nor disagree,No,No,Someone body-slammed her and kicked her dog,Nurse,Strongly agree,Definitely yes,Strongly agree,"Less than $10,000"
2021-04-07 22:08:58,Student,Socialist,Some college,Asian,United States of America,Cisgender Woman,1999,Neither agree nor disagree,No,No,Someone body-slammed her and kicked her dog,Nurse,Strongly agree,Definitely yes,Strongly agree,"$10,000 - $19,999"
2021-04-07 22:13:32,Student,Democrat,No college,Asian,United States of America,Cisgender Woman,2002,Somewhat agree,No,Yes,,,Somewhat agree,Definitely yes,Somewhat agree,"Less than $10,000"
2021-04-07 22:17:18,Student,Democrat,Some college,Non-Hispanic White,United States of America,Cisgender Woman,2001,Somewhat agree,No,Yes,,,Strongly agree,Definitely yes,Strongly agree,
2021-04-07 22:20:44,Student,Democrat,Some college,Asian,United States of America,Cisgender Woman,2001,Neither agree nor disagree,No,Yes,Someone body-slammed her and kicked her dog,Nurse,Strongly agree,Definitely yes,Somewhat agree,
2021-04-07 22:26:46,Student,Democrat,Some college,Asian,United States of America,Cisgender Woman,1999,Somewhat agree,No,No,Someone body-slammed her and kicked her dog,Nurse,Strongly agree,Definitely yes,Strongly agree,"Less than $10,000"
2021-04-07 22:29:07,Employed part time,Democrat,Bachelor's degree,Non-Hispanic White,United States of America,Cisgender Woman,1989,Strongly agree,No,No,Someone body-slammed her and kicked her dog,Nurse,Somewhat agree,Definitely yes,Somewhat agree,"$30,000 - $39,999"
2021-04-07 22:30:59,Student,Independent,Some college,Hispanic or Latino,United States of America,Other,1990,,,,,,,,,"$50,000 - $59,999"
2021-04-07 22:32:17,Student,Prefer not to say,Some college,Other:,United States of America,Cisgender Man,2001,Neither agree nor disagree,Yes,No,Someone body-slammed her and kicked her dog,Nurse,Somewhat agree,Probably yes,Somewhat agree,"Less than $10,000"
2021-04-07 22:37:54,Employed part time,Democrat,Some college,Asian,United States of America,Cisgender Woman,2001,Strongly agree,No,No,,,Strongly agree,Definitely yes,Strongly agree,"Less than $10,000"
2021-04-07 22:41:28,Unemployed looking for work,Democrat,Bachelor's degree,Hispanic or Latino,United States of America,Cisgender Man,1997,Somewhat agree,No,Yes,,,Strongly agree,Definitely yes,Somewhat agree,
2021-04-07 22:50:47,Employed part time,Democrat,Some college,Hispanic or Latino,United States of America,Cisgender Woman,1995,,,,,,,,,"$50,000 - $59,999"
2021-04-07 22:51:22,Unemployed looking for work,Democrat,Some college,Asian,United States of America,Cisgender Woman,2001,Somewhat agree,No,No,,,Strongly agree,Definitely yes,Strongly agree,
2021-04-07 22:52:10,Student,Democrat,Some college,Asian,United States of America,Cisgender Woman,2001,Strongly disagree,No,No,Someone body-slammed her and kicked her dog,Nurse,Somewhat agree,Probably yes,Somewhat agree,"Less than $10,000"
2021-04-07 22:53:59,Employed part time,Democrat,No college,Asian,United States of America,Cisgender Woman,2000,Neither agree nor disagree,No,No,,,Strongly agree,Definitely yes,Strongly agree,"Less than $10,000"
2021-04-07 22:56:14,Student,Independent,Some college,Non-Hispanic White,United States of America,Cisgender Woman,1999,Strongly agree,No,No,Someone body-slammed her and kicked her dog,Nurse,Somewhat agree,Definitely yes,Strongly agree,"Less than $10,000"
2021-04-07 23:02:20,Student,Democrat,Some college,Asian,United States of America,Cisgender Woman,1999,Strongly disagree,No,No,,,Strongly agree,Definitely yes,Strongly agree,"Less than $10,000"
2021-04-07 23:02:31,Employed full time,Independent,"Advanced degree (Master's, Doctorate)",Non-Hispanic White,United States of America,Cisgender Man,1979,Somewhat agree,No,No,Someone body-slammed her and kicked her dog,Nurse,Strongly agree,Probably yes,Strongly agree,"More than $150,000"
2021-04-07 23:05:44,Student,Democrat,Some college,Asian,United States of America,Cisgender Woman,2000,Somewhat agree,No,Yes,Someone body-slammed her and kicked her dog,Nurse,Strongly agree,Definitely yes,Strongly agree,"Less than $10,000"
2021-04-07 23:10:23,Student,Democrat,Some college,Asian,United States of America,Cisgender Woman,1999,Somewhat disagree,No,Yes,,,Strongly agree,Definitely yes,Strongly agree,
2021-04-07 23:13:26,,,,,,,,,,,,,,,,
2021-04-07 23:18:27,Employed part time,Independent,No college,Asian,India,Cisgender Woman,2002,Strongly disagree,No,No,Someone body-slammed her and kicked her dog,Nurse,Strongly agree,Definitely yes,Strongly agree,"Less than $10,000"
2021-04-07 23:24:29,Student,Other,No college,Non-Hispanic White,United States of America,Cisgender Woman,2000,Somewhat agree,Yes,Yes,Someone body-slammed her and kicked her dog,Nurse,Strongly agree,Definitely yes,Strongly agree,"$20,000 - $29,999"
2021-04-07 23:24:59,,,,Non-Hispanic White,United States of America,Cisgender Man,1991,,,,,,,,,
2021-04-07 23:32:18,Student,Democrat,Some college,Asian,United States of America,Cisgender Woman,2000,Somewhat agree,No,No,,,Strongly agree,Definitely yes,Strongly agree,"Less than $10,000"
2021-04-07 23:38:43,Employed part time,Independent,No college,Black or African American,United States of America,Cisgender Woman,1986,,,,,,,,,
2021-04-07 23:43:11,Student,Democrat,Some college,Non-Hispanic White,United States of America,Cisgender Man,2001,Somewhat disagree,No,Yes,Someone body-slammed her and kicked her dog,Nurse,Strongly agree,Definitely yes,Strongly agree,
2021-04-07 23:44:07,Student,Socialist,Some college,Hispanic or Latino,United States of America,Cisgender Woman,1996,Strongly agree,No,Yes,Someone body-slammed her and kicked her dog,Nurse,Strongly agree,Definitely yes,Somewhat agree,"Less than $10,000"
2021-04-07 23:51:45,Student,Democrat,Some college,Asian,United States of America,Cisgender Woman,1998,Somewhat agree,No,Yes,Someone body-slammed her and kicked her dog,Nurse,Somewhat agree,Definitely yes,Somewhat agree,"Less than $10,000"
2021-04-07 23:52:45,Student,Prefer not to say,No college,Asian,United States of America,Cisgender Woman,2000,Somewhat disagree,No,Yes,Someone body-slammed her and kicked her dog,Nurse,Somewhat agree,Definitely yes,Somewhat agree,"Less than $10,000"
2021-04-07 23:56:04,Employed part time,Democrat,Bachelor's degree,Asian,United States of America,Cisgender Woman,1999,Somewhat agree,No,No,Someone body-slammed her and kicked her dog,Nurse,Strongly agree,Definitely yes,Strongly agree,"Less than $10,000"
2021-04-08 00:00:45,Student,Prefer not to say,No college,Asian,United States of America,Cisgender Woman,2001,Strongly agree,No,No,Someone body-slammed her and kicked her dog,Nurse,Strongly agree,Definitely yes,Strongly agree,"Less than $10,000"
2021-04-08 00:14:20,Student,Democrat,Some college,Asian,United States of America,Cisgender Woman,2000,Strongly agree,No,Yes,Someone body-slammed her and kicked her dog,Nurse,Strongly agree,Definitely yes,Strongly agree,"Less than $10,000"
2021-04-08 00:16:35,Employed full time,Republican,Bachelor's degree,Black or African American,United States of America,Cisgender Man,1971,,,,,,,,,"$80,000 - $89,999"
2021-04-08 00:25:20,Employed part time,Democrat,Bachelor's degree,Black or African American,United States of America,Cisgender Woman,2000,Somewhat agree,No,No,,,Strongly agree,Definitely yes,Strongly agree,"Less than $10,000"
2021-04-08 00:27:37,Student,Independent,No college,Asian,United States of America,Cisgender Man,2001,Strongly agree,No,No,Someone body-slammed her and kicked her dog,Nurse,Strongly disagree,Definitely yes,Strongly disagree,
2021-04-08 00:31:39,Student,Other,No college,Black or African American,United States of America,Non-binary,1998,Somewhat agree,No,No,,,Strongly agree,Definitely yes,Strongly agree,"Less than $10,000"
2021-04-08 00:43:05,Employed part time,Democrat,Bachelor's degree,Non-Hispanic White,United States of America,Cisgender Woman,1999,Somewhat agree,Yes,Yes,,,Strongly agree,Definitely yes,Strongly agree,"Less than $10,000"
2021-04-08 00:49:01,Student,Democrat,Some college,Asian,United States of America,Cisgender Woman,2002,Neither agree nor disagree,No,No,,,Strongly agree,Definitely yes,Strongly agree,
2021-04-08 01:31:42,Student,Other,Bachelor's degree,Asian,United States of America,Cisgender Woman,1999,Somewhat agree,No,No,,,Somewhat agree,Probably yes,Somewhat agree,"Less than $10,000"
2021-04-08 01:41:29,Student,Democrat,No college,Asian,United States of America,Cisgender Woman,2000,Strongly agree,No,Yes,Someone body-slammed her and kicked her dog,Nurse,Strongly agree,Definitely yes,Strongly agree,
2021-04-08 02:32:31,Student,Democrat,Some college,Asian,United States of America,Cisgender Woman,1998,Somewhat agree,Yes,Yes,,,Somewhat agree,Probably yes,Somewhat agree,"Less than $10,000"
2021-04-08 03:12:14,Employed full time,Republican,Bachelor's degree,Hispanic or Latino,United States of America,Cisgender Man,1968,,,,,,,,,"$50,000 - $59,999"
2021-04-08 03:19:33,Student,Prefer not to say,Some college,Asian,,Cisgender Man,1997,Strongly agree,No,Yes,,,Strongly agree,Definitely yes,Strongly agree,
2021-04-08 03:34:51,Student,Democrat,No college,Non-Hispanic White,Italy,Cisgender Man,2001,,,,,,,,,"Less than $10,000"
2021-04-08 05:38:51,,,,,,Cisgender Man,1996,,,,,,,,,
2021-04-08 05:50:52,,,,Other:,United Kingdom of Great Britain and Northern Ireland,Other,Croatia,,,,,,,,,
2021-04-08 05:59:58,Employed part time,Republican,Bachelor's degree,Hispanic or Latino,Argentina,Cisgender Man,1989,,,,,,,,,"$20,000 - $29,999"
2021-04-08 06:16:01,Employed part time,Democrat,Some college,Non-Hispanic White,Italy,Cisgender Man,1996,,,,,,,,,"$90,000 - $99,999"
2021-04-08 07:24:49,Employed full time,Republican,Bachelor's degree,Black or African American,United States of America,Cisgender Man,1984,Somewhat agree,No,Yes,,,Strongly agree,Definitely yes,Somewhat agree,"$40,000 - $49,999"
2021-04-08 07:32:29,Unemployed looking for work,Republican,No college,Non-Hispanic White,United States of America,Cisgender Man,26,Somewhat agree,No,No,Someone body-slammed her and kicked her dog,Nurse,Somewhat disagree,Definitely yes,Neither agree nor disagree,"Less than $10,000"
2021-04-08 08:20:22,Unemployed looking for work,Independent,Bachelor's degree,Hispanic or Latino,United States of America,Cisgender Woman,2020,Strongly agree,No,Yes,Someone body-slammed her and kicked her dog,Nurse,Strongly agree,Definitely yes,Strongly agree,
2021-04-08 08:40:26,Student,Democrat,No college,Asian,United States of America,Cisgender Man,1999,Strongly agree,No,No,,,Strongly agree,Definitely yes,Strongly agree,
2021-04-08 10:38:36,Student,Democrat,No college,Non-Hispanic White,United States of America,Cisgender Woman,2001,Strongly agree,No,No,Someone body-slammed her and kicked her dog,Nurse,Strongly agree,Definitely yes,Strongly agree,"Less than $10,000"
2021-04-08 11:02:35,Student,Other,No college,Non-Hispanic White,United States of America,Non-binary,2000,Strongly agree,No,No,Someone body-slammed her and kicked her dog,Nurse,Strongly agree,Definitely yes,Strongly agree,"Less than $10,000"
2021-04-08 11:16:31,Student,Democrat,Bachelor's degree,Other:,United States of America,Cisgender Woman,1996,Somewhat disagree,No,Yes,,,Strongly agree,Definitely yes,Somewhat agree,
2021-04-08 11:45:23,Student,Democrat,Some college,Asian,United States of America,Cisgender Woman,1999,Strongly agree,No,Yes,Someone body-slammed her and kicked her dog,Nurse,Strongly agree,Definitely yes,Strongly agree,
2021-04-08 11:46:32,Student,Democrat,Bachelor's degree,Asian,United States of America,Cisgender Woman,1994,Somewhat agree,No,No,,,Strongly agree,Definitely yes,Strongly agree,"$80,000 - $89,999"
2021-04-08 11:56:29,Employed full time,Democrat,Bachelor's degree,Non-Hispanic White,United States of America,Cisgender Man,1992,Neither agree nor disagree,No,No,,,Somewhat disagree,Definitely yes,Strongly disagree,"$30,000 - $39,999"
2021-04-08 13:29:49,Student,Democrat,"Advanced degree (Master's, Doctorate)",Non-Hispanic White,United States of America,Cisgender Woman,1992,Neither agree nor disagree,No,Yes,,,Somewhat agree,Definitely yes,Somewhat agree,"$20,000 - $29,999"
2021-04-08 13:38:29,Student,Other,No college,Asian,New Zealand,Cisgender Woman,2000,Somewhat agree,No,No,Someone body-slammed her and kicked her dog,Nurse,Strongly agree,Definitely yes,Strongly agree,"Less than $10,000"
2021-04-08 13:56:40,Student,Prefer not to say,Bachelor's degree,Asian,United States of America,Cisgender Woman,1999,Strongly agree,Yes,No,,,Strongly agree,Definitely yes,Strongly agree,"$10,000 - $19,999"
2021-04-08 15:07:49,Student,Democrat,Bachelor's degree,Asian,United States of America,Cisgender Man,2000,Somewhat agree,No,Yes,,,Strongly agree,Definitely yes,Strongly agree,
2021-04-08 17:03:36,,,,,,,,,,,,,,,,
2021-04-08 17:36:35,Student,Prefer not to say,Some college,Asian,United States of America,Cisgender Woman,2000,Neither agree nor disagree,No,No,Someone body-slammed her and kicked her dog,Nurse,Strongly agree,Definitely yes,Strongly agree,
2021-04-08 18:30:05,Student,Democrat,Some college,Asian,United States of America,Cisgender Woman,1999,Neither agree nor disagree,No,No,,,Strongly agree,Definitely yes,Strongly agree,"Less than $10,000"
2021-04-08 19:39:10,Employed part time,Independent,Some college,Non-Hispanic White,United States of America,Cisgender Woman,2000,Neither agree nor disagree,No,No,,,Strongly agree,Definitely yes,Strongly agree,"$10,000 - $19,999"
2021-04-08 20:28:24,Employed part time,Democrat,Some college,Other:,Canada,Cisgender Man,2001,Somewhat agree,No,Yes,,,Strongly agree,Definitely yes,Strongly agree,"Less than $10,000"
2021-04-08 20:38:35,Employed full time,Democrat,Some college,Prefer not to answer,United States of America,Cisgender Man,1993,Somewhat agree,No,Yes,Someone body-slammed her and kicked her dog,Nurse,Neither agree nor disagree,Definitely yes,Neither agree nor disagree,"$30,000 - $39,999"
2021-04-08 22:19:46,Employed part time,Democrat,Some college,Hispanic or Latino,United States of America,Cisgender Woman,2001,Somewhat disagree,Yes,Yes,Someone body-slammed her and kicked her dog,Nurse,Strongly agree,Definitely yes,Strongly agree,"$10,000 - $19,999"
2021-04-08 22:31:26,Employed part time,Democrat,No college,Asian,United States of America,Cisgender Man,2001,Strongly agree,No,Yes,,,Strongly agree,Definitely yes,Somewhat agree,"Less than $10,000"
2021-04-08 22:37:34,Student,Independent,Bachelor's degree,Asian,United States of America,Cisgender Woman,1997,Somewhat agree,No,No,Someone body-slammed her and kicked her dog,Nurse,Neither agree nor disagree,Probably yes,Somewhat agree,
2021-04-09 03:38:06,Student,Republican,Some college,Asian,United States of America,Cisgender Woman,1997,Somewhat agree,No,Yes,Someone body-slammed her and kicked her dog,Nurse,Somewhat agree,Probably yes,Somewhat agree,
2021-04-09 03:50:15,Student,Republican,Bachelor's degree,Asian,United States of America,Cisgender Man,1999,Strongly agree,No,No,,,Somewhat agree,Definitely yes,Somewhat agree,
2021-04-09 03:57:17,Employed part time,Prefer not to say,No college,Asian,China,Cisgender Woman,2001,Somewhat agree,No,No,Someone body-slammed her and kicked her dog,Nurse,Strongly agree,Definitely yes,Somewhat agree,"Less than $10,000"
2021-04-09 04:07:00,Student,Democrat,Some college,Asian,United States of America,Cisgender Woman,2001,Somewhat agree,No,Yes,,,Strongly agree,Definitely yes,Strongly agree,"Less than $10,000"
2021-04-09 12:05:42,Student,Prefer not to say,Bachelor's degree,Asian,United States of America,Cisgender Woman,1996,Somewhat agree,No,No,,,Strongly agree,Definitely yes,Somewhat agree,
2021-04-09 16:30:29,Student,Democrat,Some college,Asian,United States of America,Cisgender Woman,2000,Somewhat agree,No,Yes,,,Strongly agree,Definitely yes,Strongly agree,
2021-04-09 18:52:03,Employed part time,Democrat,"Advanced degree (Master's, Doctorate)",Hispanic or Latino,United States of America,Cisgender Woman,2000,Neither agree nor disagree,No,Yes,Someone body-slammed her and kicked her dog,Nurse,Somewhat agree,Probably yes,Somewhat agree,"$20,000 - $29,999"
2021-04-09 23:39:31,Student,Prefer not to say,No college,Asian,United States of America,Cisgender Woman,1998,Somewhat agree,No,Yes,,,Strongly agree,Definitely yes,Strongly agree,"Less than $10,000"
2021-04-10 00:05:12,Student,Socialist,Some college,Hispanic or Latino,United States of America,Cisgender Woman,2000,Somewhat agree,Yes,No,Someone body-slammed her and kicked her dog,Nurse,Strongly agree,Definitely yes,Strongly agree,
2021-04-10 13:53:05,Unemployed looking for work,Democrat,Some college,Asian,United States of America,Cisgender Woman,2000,Neither agree nor disagree,No,Yes,,,Strongly agree,Definitely yes,Strongly agree,
2021-04-10 15:52:01,Student,Democrat,Some college,Asian,United States of America,Cisgender Woman,2000,Somewhat agree,No,No,,,Somewhat agree,Definitely yes,Somewhat agree,"Less than $10,000"
2021-04-10 19:19:14,Student,Democrat,Some college,Asian,United States of America,Cisgender Woman,2000,Somewhat agree,No,Yes,Someone body-slammed her and kicked her dog,Nurse,Strongly agree,Definitely yes,Strongly agree,"Less than $10,000"
2021-04-11 14:24:43,Student,Democrat,Some college,Asian,United States of America,Cisgender Woman,2001,Somewhat agree,No,Yes,Someone body-slammed her and kicked her dog,Nurse,Strongly agree,Definitely yes,Strongly agree,
2021-04-11 15:44:32,Student,Democrat,Some college,Hispanic or Latino,United States of America,Cisgender Woman,2002,Strongly agree,No,Yes,Someone body-slammed her and kicked her dog,Nurse,Strongly agree,Definitely yes,Strongly agree,
2021-04-11 19:48:10,Student,Independent,Bachelor's degree,Asian,United States of America,Cisgender Man,1997,Strongly agree,No,No,Someone body-slammed her and kicked her dog,Nurse,Strongly agree,Definitely yes,Strongly agree,"$10,000 - $19,999"
2021-04-11 21:32:57,Student,Democrat,No college,Asian,United States of America,Cisgender Man,2002,Strongly disagree,No,No,,,Strongly agree,Definitely yes,Strongly agree,
2021-04-11 23:18:12,Student,Prefer not to say,Bachelor's degree,Asian,,Cisgender Woman,1999,Neither agree nor disagree,No,No,Someone body-slammed her and kicked her dog,Nurse,Somewhat agree,Definitely yes,Neither agree nor disagree,"Less than $10,000"
2021-04-12 14:20:34,Employed part time,Democrat,Bachelor's degree,Non-Hispanic White,United States of America,Cisgender Woman,1998,Strongly agree,No,No,Someone body-slammed her and kicked her dog,Nurse,Strongly agree,Definitely yes,Somewhat agree,"Less than $10,000"
2021-04-12 19:12:38,Student,Democrat,Some college,Asian,United States of America,Cisgender Woman,2000,Somewhat disagree,No,No,,,Somewhat agree,Definitely yes,Somewhat agree,"$10,000 - $19,999"
2021-04-13 11:45:47,Student,Democrat,Some college,Asian,United States of America,Cisgender Woman,2000,Somewhat agree,No,No,Someone body-slammed her and kicked her dog,Nurse,Somewhat agree,Definitely yes,Somewhat agree,
2021-04-13 14:05:18,Student,Independent,Bachelor's degree,Asian,United States of America,Cisgender Woman,2000,Somewhat agree,No,No,,,Strongly agree,Probably yes,Somewhat agree,"Less than $10,000"
2021-04-13 14:29:51,Employed part time,Democrat,Some college,Hispanic or Latino,United States of America,Cisgender Woman,1998,Neither agree nor disagree,No,No,,,Strongly agree,Probably yes,Strongly agree,"Less than $10,000"
2021-04-13 14:59:37,Employed part time,Democrat,Bachelor's degree,Asian,United States of America,Cisgender Woman,1999,Somewhat agree,No,No,Someone body-slammed her and kicked her dog,Nurse,Strongly agree,Definitely yes,Somewhat agree,"$10,000 - $19,999"
2021-04-13 15:50:27,Student,Socialist,Bachelor's degree,Asian,United States of America,Cisgender Woman,2001,Strongly agree,No,Yes,Someone body-slammed her and kicked her dog,Nurse,Strongly agree,Definitely yes,Strongly agree,
2021-04-13 16:16:26,Employed full time,Independent,Bachelor's degree,Asian,United States of America,Cisgender Woman,1998,Strongly agree,No,Yes,Someone body-slammed her and kicked her dog,Nurse,Strongly agree,Definitely yes,Strongly disagree,"$20,000 - $29,999"
2021-04-13 16:40:32,Student,Other,Some college,Asian,United States of America,Cisgender Man,2002,Somewhat agree,No,No,,,Strongly agree,Definitely yes,Strongly agree,"Less than $10,000"
2021-04-13 17:16:49,Unemployed looking for work,Democrat,Bachelor's degree,Asian,United States of America,Cisgender Woman,1998,Strongly agree,No,No,,,Strongly agree,Definitely yes,Strongly agree,"Less than $10,000"
2021-04-13 17:17:44,Employed part time,Democrat,Some college,Non-Hispanic White,United States of America,Cisgender Woman,2001,Somewhat agree,Yes,Yes,Someone body-slammed her and kicked her dog,Nurse,Strongly agree,Definitely yes,Strongly agree,"Less than $10,000"
2021-04-13 18:44:27,Student,Independent,Some college,Other:,United States of America,Cisgender Woman,2002,Strongly agree,No,No,,,Strongly agree,Definitely yes,Strongly agree,
2021-04-13 19:18:16,Student,Prefer not to say,Bachelor's degree,Asian,United States of America,Cisgender Man,2000,Strongly agree,No,No,Someone body-slammed her and kicked her dog,Nurse,Strongly agree,Definitely yes,Strongly agree,
2021-04-13 19:47:31,Unemployed looking for work,Democrat,Some college,Asian,United States of America,Cisgender Woman,1996,Neither agree nor disagree,Yes,No,,,Strongly agree,Definitely yes,Strongly agree,
2021-04-13 19:59:24,Student,Democrat,Some college,Asian,United States of America,Cisgender Woman,2001,Somewhat agree,Yes,No,,,Strongly agree,Definitely yes,Strongly agree,
2021-04-13 21:26:35,,,,,,,,,,,,,,,,
2021-04-13 22:09:13,Student,Democrat,Some college,Asian,United States of America,Cisgender Woman,1999,Somewhat agree,No,No,,,Strongly agree,Definitely yes,Strongly agree,
2021-04-13 22:29:11,,,,,,,,,,,,,,,,
2021-04-13 22:42:09,,,,,,,,,,,,,,,,
2021-04-13 22:58:56,Student,Democrat,Some college,Prefer not to answer,United States of America,Cisgender Woman,2001,Somewhat disagree,Yes,Yes,Someone body-slammed her and kicked her dog,Nurse,Strongly agree,Definitely yes,Strongly agree,"Less than $10,000"
2021-04-13 23:08:37,Employed full time,Republican,Some college,Asian,United States of America,Cisgender Woman,1998,Somewhat agree,No,No,,,Strongly agree,Probably yes,Strongly agree,
2021-04-13 23:20:56,Employed full time,Democrat,Some college,Other:,United States of America,Cisgender Man,"Jordan ",Strongly agree,No,Yes,,,Somewhat agree,Definitely yes,Strongly agree,"$40,000 - $49,999"
2021-04-13 23:32:45,,,,,,Cisgender Man,1998,,,,,,,,,
2021-04-14 00:16:15,Student,Independent,Bachelor's degree,Asian,United States of America,Cisgender Woman,1994,Somewhat disagree,No,No,Someone body-slammed her and kicked her dog,Nurse,Strongly agree,Definitely yes,Strongly agree,"Less than $10,000"
2021-04-14 00:36:49,,,,Asian,,Non-binary,1998,,,,,,,,,
2021-04-14 00:51:41,Student,Socialist,Some college,Asian,United States of America,Cisgender Man,2001,Somewhat agree,No,Yes,,,Strongly agree,Definitely yes,Strongly agree,"Less than $10,000"
2021-04-14 01:16:39,Student,Democrat,Some college,Hispanic or Latino,United States of America,Cisgender Man,2001,Strongly agree,No,No,Someone body-slammed her and kicked her dog,Nurse,Strongly agree,Definitely yes,Strongly agree,
2021-04-14 01:25:58,Employed part time,Democrat,No college,Asian,United States of America,Cisgender Woman,2001,Strongly agree,No,No,Someone body-slammed her and kicked her dog,Nurse,Strongly disagree,Definitely yes,Strongly agree,"Less than $10,000"
2021-04-14 02:12:00,Student,Other,Some college,Asian,United States of America,Cisgender Woman,1999,Strongly agree,No,Yes,,,Strongly agree,Definitely yes,Somewhat agree,"$10,000 - $19,999"
2021-04-14 09:18:25,,,,,,,,,,,,,,,,
2021-04-14 10:20:18,Student,Republican,Some college,Asian,United States of America,Cisgender Man,2001,Somewhat agree,No,Yes,Someone body-slammed her and kicked her dog,Nurse,Somewhat agree,Definitely yes,Strongly agree,
2021-04-14 11:11:10,Student,Democrat,No college,Non-Hispanic White,Afghanistan,Cisgender Man,test,Neither agree nor disagree,Yes,Yes,,,Neither agree nor disagree,Probably yes,Strongly agree,
2021-04-14 11:49:53,Employed part time,Socialist,Bachelor's degree,Hispanic or Latino,United States of America,Cisgender Woman,1995,Strongly agree,No,No,,,Strongly agree,Definitely yes,Strongly agree,"$10,000 - $19,999"
2021-04-14 12:10:41,Unemployed looking for work,Prefer not to say,Some college,Asian,United States of America,Cisgender Man,1997,Strongly agree,No,No,Someone body-slammed her and kicked her dog,Nurse,Strongly agree,Definitely yes,Strongly agree,
2021-04-14 13:47:12,Student,Socialist,Some college,Asian,United States of America,Non-binary,1998,Somewhat agree,No,Yes,Someone body-slammed her and kicked her dog,Nurse,Somewhat agree,Definitely yes,Somewhat agree,"Less than $10,000"
2021-04-14 13:56:38,Student,Democrat,Some college,Asian,United States of America,Cisgender Man,1999,Somewhat disagree,No,Yes,,,Strongly agree,Definitely yes,Strongly agree,"Less than $10,000"
2021-04-14 14:06:01,Student,Democrat,Some college,Non-Hispanic White,United States of America,Cisgender Woman,1999,Strongly agree,No,Yes,,,Somewhat agree,Definitely yes,Somewhat agree,
2021-04-14 14:09:31,Employed part time,Democrat,Some college,Asian,United States of America,Cisgender Woman,1995,Somewhat agree,No,No,,,Strongly agree,Definitely yes,Somewhat disagree,"Less than $10,000"
